{"templates":["bf45c3ff5b024ee5fc55c1b72744c02113d04f2c"],"oligo":{"based_on":"prediction","res_to_mdl":605,"state":"monomer","state_bu":"monomer","qs_prediction":"NA","qs_conserved":"unknown","chains_to_mdl":1,"state_tpl":"monomer"},"gdt_ha":null,"pred_lddt":0.7829999924,"gdt_ts":null,"chain_subprj_list":null,"creation_date":"2018-03-02","ligands":[],"modified_template":false,"residue_range":[{"chain_name":"B","residue_from":"1","residue_to":"622"}],"lddt_ca":null,"mod_engine":"PROMOD3","lddt":null}