{"templates":["7b81ade6027db194a31086116844e1f4e703979d"],"oligo":{"based_on":"prediction","res_to_mdl":605,"state":"monomer","state_bu":"monomer","qs_prediction":"NA","qs_conserved":"unknown","chains_to_mdl":1,"state_tpl":"monomer"},"gdt_ha":null,"pred_lddt":0.7829999924,"gdt_ts":null,"chain_subprj_list":null,"creation_date":"2019-03-03","ligands":[{"description":"SULFATE ION","number":"1","reason":{"sterically_valid":false,"conserved_residues":false,"relevant":false,"bound":true},"included":false,"model_binding_residues":[],"name":["SO4"]},{"description":"ARGININE","number":"2","reason":{"sterically_valid":false,"conserved_residues":false,"relevant":true,"bound":true},"included":false,"model_binding_residues":[],"name":["ARG"]}],"modified_template":false,"plip":{},"residue_range":[{"chain_name":"B","residue_from":"1","residue_to":"622"}],"lddt_ca":null,"mod_engine":"PROMOD3","lddt":null}